ShipmentID,TemperatureID,DateTimeStemp,Temperature,Humidity,TemperatureUnit,Source
SP-1585,1,2022-06-26 20:21:11,-35.7,54.22,Fahrenheit,Mobile App
SP-5641,2,2022-10-26 03:03:48,24.63,15.61,Fahrenheit,IoT Device
SP-0063,3,2022-02-04 16:28:47,-19.45,98.78,Fahrenheit,Mobile App
SP-8505,4,2022-03-02 21:47:54,-43.26,43.27,Fahrenheit,Weather Station
SP-6232,5,2022-08-20 14:41:51,-35.04,76.33,Celsius,IoT Device
SP-5813,6,2022-02-05 08:05:35,-11.47,90.88,Fahrenheit,Mobile App
SP-3408,7,2022-09-13 09:28:14,-10.71,28.83,Celsius,Weather Station
SP-7338,8,2022-11-12 00:56:31,-31.07,67.77,Fahrenheit,Weather Station
SP-9352,9,2022-09-13 01:12:35,6.69,16.09,Fahrenheit,IoT Device
SP-6695,10,2022-02-21 18:49:54,41.46,85.12,Fahrenheit,Weather Station
SP-6947,11,2022-11-23 01:31:25,34.35,57.39,Fahrenheit,IoT Device
SP-3938,12,2022-02-04 08:31:01,-1.25,47.58,Fahrenheit,Mobile App
SP-0264,13,2022-03-30 02:46:06,32.43,93.76,Celsius,IoT Device
SP-0174,14,2022-11-18 23:27:20,10.76,76.12,Celsius,IoT Device
SP-6019,15,2022-05-04 16:33:17,-33.35,43.82,Fahrenheit,IoT Device
SP-5306,16,2022-01-15 12:33:35,49.97,43.66,Celsius,Mobile App
SP-1639,17,2022-09-24 12:29:10,6.75,6.5,Fahrenheit,Mobile App
SP-2592,18,2022-08-21 07:03:41,49.44,9.34,Celsius,Weather Station
SP-6362,19,2022-03-19 08:05:58,1.29,0.94,Fahrenheit,Weather Station
SP-1342,20,2022-12-21 16:06:58,-49.48,11.28,Fahrenheit,Weather Station
SP-1499,21,2022-11-18 15:34:47,44.4,64.98,Fahrenheit,IoT Device
SP-4646,22,2022-11-04 08:40:53,-48.46,52.83,Celsius,Weather Station
SP-0943,23,2022-01-15 04:52:45,-42.57,70.05,Fahrenheit,Weather Station
SP-1465,24,2022-09-03 06:51:38,35.78,71.1,Celsius,Weather Station
SP-0776,25,2022-07-06 09:37:41,-18.49,9.23,Celsius,Weather Station
SP-7645,26,2022-09-05 16:13:30,3.68,5.04,Fahrenheit,IoT Device
SP-7211,27,2022-07-12 03:50:00,18.54,9.28,Fahrenheit,IoT Device
SP-5389,28,2022-02-07 17:57:41,26.64,97.89,Celsius,IoT Device
SP-2375,29,2022-09-03 15:00:48,-16.49,65.06,Celsius,Weather Station
SP-8874,30,2022-09-25 00:25:05,-5.45,99.44,Celsius,Weather Station
SP-0999,31,2022-04-23 20:45:10,-42.63,33.63,Celsius,Mobile App
SP-6732,32,2022-04-30 14:27:15,-22.72,46.19,Fahrenheit,Mobile App
SP-6567,33,2022-05-11 09:05:23,10.56,76.67,Celsius,IoT Device
SP-3260,34,2022-03-07 09:26:50,-28.74,68.6,Celsius,IoT Device
SP-4992,35,2022-12-21 10:05:59,26.55,36.29,Celsius,Mobile App
SP-0598,36,2022-04-06 14:02:11,6.11,87.11,Fahrenheit,Mobile App
SP-9302,37,2022-10-19 23:27:34,47.97,99.53,Fahrenheit,Mobile App
SP-6471,38,2022-01-12 20:58:39,-12.48,43.2,Fahrenheit,Mobile App
SP-4437,39,2022-06-13 23:09:51,-19.56,50.22,Celsius,IoT Device
SP-5564,40,2022-11-02 01:55:11,0.98,97.68,Celsius,IoT Device
SP-1869,41,2022-02-13 08:36:04,13.41,65.93,Fahrenheit,Weather Station
SP-5361,42,2022-12-21 07:05:17,34.27,78.09,Fahrenheit,IoT Device
SP-6283,43,2022-06-23 09:33:06,-38.52,34.18,Celsius,Weather Station
SP-3208,44,2022-01-25 08:30:48,-31.21,74.53,Celsius,Mobile App
SP-4446,45,2022-11-04 00:55:06,-6.92,73.83,Celsius,IoT Device
SP-4813,46,2022-12-20 01:54:35,28.23,32.06,Celsius,IoT Device
SP-8638,47,2022-02-22 07:29:19,18.43,16.06,Celsius,Mobile App
SP-1464,48,2022-11-02 12:38:46,13.78,68.2,Celsius,IoT Device
SP-4445,49,2022-05-05 14:12:01,17.33,45.01,Celsius,Mobile App
SP-0155,50,2022-10-25 20:17:09,19.5,19.2,Fahrenheit,IoT Device
SP-8428,51,2022-09-08 17:37:40,-24.87,8.87,Celsius,Mobile App
SP-0333,52,2022-12-26 11:24:14,-38.46,27.74,Celsius,Mobile App
SP-6119,53,2022-07-30 04:08:12,-8.33,27.81,Celsius,IoT Device
SP-4767,54,2022-01-27 07:57:22,22.65,35.56,Celsius,Weather Station
SP-4623,55,2022-04-11 09:37:39,-42.55,63.07,Fahrenheit,IoT Device
SP-2700,56,2022-08-22 18:05:38,-29.18,79.91,Fahrenheit,Mobile App
SP-8904,57,2022-06-04 18:45:42,11.37,69.57,Fahrenheit,Mobile App
SP-1322,58,2022-11-18 02:03:59,-39.25,72.27,Fahrenheit,Mobile App
SP-4136,59,2022-07-25 03:08:37,-33.87,27.73,Fahrenheit,Mobile App
SP-7257,60,2022-01-22 00:00:55,44.26,6.3,Fahrenheit,Mobile App
SP-8142,61,2022-04-16 07:44:17,-49.04,20.48,Fahrenheit,IoT Device
SP-9037,62,2022-08-15 11:03:15,-2.82,55.92,Celsius,Weather Station
SP-4322,63,2022-04-07 05:00:27,-20.57,63.96,Fahrenheit,IoT Device
SP-4966,64,2022-12-12 09:45:05,-49.26,32.19,Fahrenheit,IoT Device
SP-5709,65,2022-05-08 20:17:43,30.19,68.62,Fahrenheit,Mobile App
SP-2789,66,2022-04-29 16:18:03,7.46,42.05,Fahrenheit,Weather Station
SP-7043,67,2022-08-31 10:03:57,11.56,31.63,Fahrenheit,IoT Device
SP-6655,68,2022-10-31 09:42:23,28.53,97.82,Fahrenheit,IoT Device
SP-9082,69,2022-09-18 20:02:36,-43.15,63.81,Fahrenheit,IoT Device
SP-1247,70,2022-06-19 04:42:15,-24.04,1.98,Fahrenheit,Mobile App
SP-0006,71,2022-04-01 12:46:51,25.11,39.4,Fahrenheit,Weather Station
SP-8726,72,2022-06-29 04:11:09,31.83,35.88,Celsius,Weather Station
SP-5540,73,2022-07-18 01:24:08,-16.73,96.87,Celsius,Mobile App
SP-5868,74,2022-10-07 19:57:04,33.14,0.24,Celsius,IoT Device
SP-2606,75,2022-07-28 08:06:28,-11.69,84.99,Celsius,Weather Station
SP-5393,76,2022-11-12 13:05:26,24.74,50.26,Fahrenheit,IoT Device
SP-9816,77,2022-08-03 14:52:40,-30.02,23.6,Celsius,Mobile App
SP-3515,78,2022-11-20 07:42:23,46.85,83.53,Celsius,Mobile App
SP-0971,79,2022-03-17 05:50:50,-12.92,77.64,Celsius,IoT Device
SP-0654,80,2022-02-21 01:47:18,10.25,33.05,Fahrenheit,Mobile App
SP-1560,81,2022-10-23 07:17:25,-40.51,8.03,Celsius,Mobile App
SP-1808,82,2022-07-14 19:55:17,4.66,76.62,Fahrenheit,Weather Station
SP-8849,83,2022-10-07 04:07:21,4.39,65.99,Fahrenheit,IoT Device
SP-4175,84,2022-08-10 06:39:59,34.77,9.31,Celsius,Mobile App
SP-7536,85,2022-06-29 07:45:12,30.74,46.05,Fahrenheit,IoT Device
SP-2957,86,2022-05-12 18:38:17,-2.07,14.96,Fahrenheit,IoT Device
SP-6086,87,2022-11-16 23:32:46,19.05,10.56,Fahrenheit,IoT Device
SP-3636,88,2022-12-11 01:12:00,-32.09,58.7,Celsius,Mobile App
SP-6145,89,2022-09-28 13:21:36,-9.19,76.77,Fahrenheit,IoT Device
SP-4553,90,2022-01-04 12:49:47,8.06,94.3,Fahrenheit,Weather Station
SP-2175,91,2022-06-30 16:31:17,15.65,40.86,Fahrenheit,Mobile App
SP-1319,92,2022-01-12 18:51:39,-2.24,87.29,Fahrenheit,Weather Station
SP-9711,93,2022-06-28 07:37:42,15.33,61.52,Celsius,IoT Device
SP-4938,94,2022-11-29 13:18:08,24.32,31.91,Fahrenheit,Weather Station
SP-0572,95,2022-09-17 11:54:36,32.1,74.58,Celsius,Mobile App
SP-7999,96,2022-04-30 17:07:16,-10.81,38.01,Fahrenheit,Mobile App
SP-7498,97,2022-09-08 15:29:41,22.96,44.86,Fahrenheit,Weather Station
SP-7214,98,2022-11-05 03:32:45,21.64,60.24,Celsius,Mobile App
SP-1531,99,2022-06-25 19:45:45,39.94,1.78,Fahrenheit,IoT Device
SP-4402,100,2022-03-08 11:04:44,9.91,51.38,Fahrenheit,IoT Device
SP-3474,101,2022-12-12 01:33:36,37.58,8.86,Fahrenheit,Mobile App
SP-1549,102,2022-05-04 20:53:47,-32.44,7.98,Fahrenheit,Mobile App
SP-4380,103,2022-07-30 07:52:18,-26.7,1.47,Fahrenheit,Weather Station
SP-8195,104,2022-01-08 14:13:06,0.48,4.41,Celsius,Weather Station
SP-7538,105,2022-06-09 21:35:39,25.37,45.81,Celsius,Weather Station
SP-4378,106,2022-02-02 02:33:50,-14.51,17.7,Celsius,Mobile App
SP-6734,107,2022-10-05 01:45:33,-27.66,91.17,Fahrenheit,IoT Device
SP-3014,108,2022-09-08 20:40:44,-37.86,58.23,Celsius,IoT Device
SP-5310,109,2022-02-06 18:02:11,-21.08,56.7,Fahrenheit,IoT Device
SP-9669,110,2022-07-19 22:43:40,42.5,24.32,Celsius,Mobile App
SP-5346,111,2022-05-07 19:01:50,-19.69,62.9,Fahrenheit,IoT Device
SP-3800,112,2022-05-12 12:21:37,-45.5,8.13,Fahrenheit,Mobile App
SP-4158,113,2022-08-13 08:39:46,0.14,2.8,Celsius,Mobile App
SP-9130,114,2022-04-11 20:55:08,45.44,74.8,Celsius,IoT Device
SP-3529,115,2022-06-06 03:10:43,15.14,59.78,Celsius,Weather Station
SP-2416,116,2022-12-22 22:11:26,-34.29,70.01,Fahrenheit,Mobile App
SP-4163,117,2022-07-04 15:18:06,36.47,59.04,Celsius,Mobile App
SP-7154,118,2022-10-12 08:10:14,46.58,17.98,Fahrenheit,Weather Station
SP-5581,119,2022-04-20 14:14:11,18.92,48.17,Celsius,Mobile App
SP-9605,120,2022-01-15 11:33:19,-33.18,9.52,Fahrenheit,Mobile App
SP-6800,121,2022-08-07 03:40:37,28.49,68.27,Celsius,Mobile App
SP-4235,122,2022-03-09 14:32:45,-39.42,73.23,Celsius,Mobile App
SP-7570,123,2022-09-12 14:25:35,-17.56,39.51,Celsius,Mobile App
SP-0313,124,2022-12-26 08:59:34,-43.02,78.55,Celsius,IoT Device
SP-3712,125,2022-11-07 17:52:51,-4.36,97.27,Fahrenheit,Weather Station
SP-2518,126,2022-11-13 06:08:31,-19.95,34.26,Celsius,Weather Station
SP-5241,127,2022-04-27 06:34:55,-26.17,55.52,Fahrenheit,IoT Device
SP-6111,128,2022-03-08 12:43:20,0.98,97.86,Fahrenheit,IoT Device
SP-8451,129,2022-01-11 18:51:55,25.29,55.91,Celsius,IoT Device
SP-9425,130,2022-08-03 00:15:13,-3.98,65.15,Celsius,Mobile App
SP-9145,131,2022-01-31 22:59:05,27.41,6.88,Fahrenheit,IoT Device
SP-5548,132,2022-11-25 21:43:29,2.47,57.27,Celsius,Mobile App
SP-5680,133,2022-06-15 04:28:49,19.91,69.17,Fahrenheit,Mobile App
SP-7077,134,2022-04-25 02:24:09,49.6,5.53,Fahrenheit,Weather Station
SP-9142,135,2022-05-12 10:32:50,-17.34,22.34,Celsius,Weather Station
SP-8109,136,2022-07-19 16:01:28,-41.01,76.88,Fahrenheit,IoT Device
SP-6759,137,2022-03-16 00:07:39,16.47,20.7,Fahrenheit,IoT Device
SP-1183,138,2022-10-29 08:51:10,17.91,12.69,Celsius,Weather Station
SP-5613,139,2022-05-16 10:04:29,-48.41,96.53,Fahrenheit,Weather Station
SP-5646,140,2022-01-02 14:55:48,0.9,7.25,Fahrenheit,Mobile App
SP-6507,141,2022-02-18 10:15:10,17.25,53.46,Celsius,IoT Device
SP-6715,142,2022-11-17 13:24:28,30.63,31.48,Celsius,Weather Station
SP-4804,143,2022-10-26 13:32:39,-19.68,90.35,Celsius,IoT Device
SP-7656,144,2022-03-03 11:04:43,37.64,28.74,Celsius,Mobile App
SP-1671,145,2022-09-23 18:54:46,-12.59,9.14,Celsius,IoT Device
SP-0003,146,2022-08-12 19:16:29,20.83,89.94,Fahrenheit,Weather Station
SP-5150,147,2022-03-11 19:01:17,23.65,55.79,Fahrenheit,Mobile App
SP-0783,148,2022-10-24 18:58:44,-46.67,3.71,Celsius,Mobile App
SP-4063,149,2022-06-08 11:49:33,-5.59,89.79,Fahrenheit,Mobile App
SP-5038,150,2022-05-28 05:51:02,-15.5,26.86,Fahrenheit,Mobile App
SP-3753,151,2022-07-03 23:52:17,-34.71,17.1,Celsius,Weather Station
SP-1077,152,2022-09-11 06:30:18,-24.71,42.47,Fahrenheit,Mobile App
SP-6195,153,2022-07-12 19:37:14,-7.25,30.69,Fahrenheit,IoT Device
SP-7638,154,2022-07-28 10:08:28,-48.87,69.5,Celsius,Mobile App
SP-2020,155,2022-09-11 23:39:08,-47.29,52.66,Fahrenheit,IoT Device
SP-2473,156,2022-12-18 13:44:01,-7.41,62.15,Fahrenheit,Mobile App
SP-8052,157,2022-11-03 13:06:04,-44.05,83.13,Fahrenheit,Mobile App
SP-4714,158,2022-11-05 16:59:27,42.49,51.13,Celsius,Mobile App
SP-6647,159,2022-12-30 20:36:40,-0.53,79.22,Celsius,Mobile App
SP-9146,160,2022-03-12 18:17:52,-23.62,14.61,Celsius,Weather Station
SP-0156,161,2022-03-13 03:21:18,-27.01,39.63,Celsius,Mobile App
SP-0944,162,2022-07-30 22:17:54,-44.16,41.97,Celsius,IoT Device
SP-6600,163,2022-11-04 06:53:47,-17.51,33.93,Fahrenheit,Weather Station
SP-2047,164,2022-01-30 13:32:31,-43.6,60.15,Fahrenheit,IoT Device
SP-5143,165,2022-12-20 04:33:11,7.1,42.75,Fahrenheit,IoT Device
SP-9881,166,2022-04-22 12:54:58,13.03,22.29,Fahrenheit,IoT Device
SP-8195,167,2022-03-09 14:08:29,15.43,99.04,Fahrenheit,Mobile App
SP-8485,168,2022-04-23 12:22:05,-39.75,52.43,Celsius,IoT Device
SP-3380,169,2022-12-19 11:19:09,-17.57,34.76,Fahrenheit,Weather Station
SP-5664,170,2022-11-10 10:55:06,-44.25,34.63,Celsius,IoT Device
SP-6185,171,2022-12-11 03:17:02,-35.86,64.34,Fahrenheit,Mobile App
SP-5611,172,2022-04-18 22:00:13,-41.44,27.39,Fahrenheit,Weather Station
SP-5030,173,2022-10-30 08:37:37,-19.81,94.01,Celsius,IoT Device
SP-7690,174,2022-04-11 18:02:32,-28.74,75.35,Fahrenheit,IoT Device
SP-8758,175,2022-09-21 05:53:07,-47.46,50.19,Fahrenheit,Mobile App
SP-4989,176,2022-06-01 14:09:49,-48.53,25.69,Celsius,IoT Device
SP-4861,177,2022-01-25 22:03:40,37.61,41.52,Celsius,IoT Device
SP-3461,178,2022-09-02 06:37:43,24.51,18.07,Celsius,IoT Device
SP-3094,179,2022-12-25 15:14:24,41.36,25.09,Fahrenheit,Weather Station
SP-3356,180,2022-01-17 07:25:57,48.3,11.29,Celsius,IoT Device
SP-7065,181,2022-01-02 23:39:34,23.49,18.71,Celsius,Mobile App
SP-5055,182,2022-12-10 00:17:32,16.09,7.44,Celsius,Weather Station
SP-5669,183,2022-06-18 00:09:03,-1.95,8.43,Celsius,Mobile App
SP-7147,184,2022-12-07 23:35:03,7.17,25.49,Celsius,IoT Device
SP-6848,185,2022-01-25 00:54:01,-29.21,52.29,Celsius,Weather Station
SP-9621,186,2022-03-01 16:17:55,13.54,67.05,Celsius,IoT Device
SP-5921,187,2022-01-14 23:51:04,-25.48,90.5,Fahrenheit,IoT Device
SP-9156,188,2022-10-26 04:10:18,40.48,74.82,Fahrenheit,Weather Station
SP-9378,189,2022-07-02 00:28:10,-11.27,61.09,Celsius,Mobile App
SP-6925,190,2022-04-28 23:29:42,37.81,76.52,Celsius,IoT Device
SP-1923,191,2022-05-19 21:44:04,40.72,58.48,Celsius,IoT Device
SP-8105,192,2022-03-28 04:57:20,-18.75,45.3,Celsius,IoT Device
SP-0077,193,2022-01-09 16:18:19,-7.34,37.33,Celsius,IoT Device
SP-7748,194,2022-12-07 02:04:27,-39.87,6.24,Celsius,Weather Station
SP-1257,195,2022-02-12 14:36:05,-24.81,75.34,Fahrenheit,Weather Station
SP-3489,196,2022-02-03 13:18:10,-13.91,52.12,Fahrenheit,IoT Device
SP-8751,197,2022-04-24 15:10:58,21.69,36.08,Fahrenheit,Mobile App
SP-2436,198,2022-12-21 05:28:32,-31.88,34.0,Fahrenheit,Mobile App
SP-6832,199,2022-10-15 19:22:06,-16.55,34.24,Fahrenheit,IoT Device
SP-2840,200,2022-11-03 05:54:20,-47.77,55.1,Fahrenheit,Weather Station
SP-5100,201,2022-02-06 03:09:41,-16.78,61.18,Celsius,IoT Device
SP-2928,202,2022-12-21 21:28:24,-12.21,12.27,Celsius,IoT Device
SP-9840,203,2022-05-28 10:32:07,6.3,3.58,Celsius,Weather Station
SP-8998,204,2022-09-15 14:42:34,-10.68,27.53,Fahrenheit,Weather Station
SP-6437,205,2022-09-27 01:17:46,-4.52,88.61,Celsius,Mobile App
SP-7135,206,2022-09-20 22:55:27,29.4,74.53,Fahrenheit,Mobile App
SP-7264,207,2022-08-04 01:53:16,39.75,54.28,Fahrenheit,IoT Device
SP-1662,208,2022-04-18 05:37:14,40.37,96.3,Fahrenheit,Weather Station
SP-0995,209,2022-01-21 05:28:10,-21.26,54.12,Celsius,IoT Device
SP-0826,210,2022-04-30 07:21:56,10.71,78.75,Fahrenheit,Weather Station
SP-2598,211,2022-03-03 19:48:51,-26.91,77.05,Fahrenheit,IoT Device
SP-9713,212,2022-01-14 03:34:26,22.28,21.98,Celsius,Mobile App
SP-4068,213,2022-11-03 02:37:51,-47.07,12.84,Celsius,IoT Device
SP-3387,214,2022-05-06 00:19:08,37.39,40.74,Fahrenheit,Weather Station
SP-6472,215,2022-10-20 05:48:45,20.72,66.11,Fahrenheit,IoT Device
SP-3262,216,2022-05-03 15:26:27,0.91,71.05,Fahrenheit,IoT Device
SP-8006,217,2022-06-01 19:44:25,-40.85,3.21,Fahrenheit,Mobile App
SP-3826,218,2022-02-25 11:04:59,-44.63,38.57,Celsius,Mobile App
SP-5113,219,2022-04-06 08:16:13,13.95,33.9,Fahrenheit,IoT Device
SP-7943,220,2022-07-31 11:02:23,-31.6,11.99,Celsius,IoT Device
SP-7894,221,2022-09-16 04:53:34,-46.03,61.17,Celsius,IoT Device
SP-7703,222,2022-09-08 23:52:27,0.81,32.09,Celsius,Mobile App
SP-9407,223,2022-10-19 21:56:33,-21.25,33.42,Celsius,Mobile App
SP-4828,224,2022-05-02 07:55:59,40.15,29.14,Celsius,Mobile App
SP-0095,225,2022-12-03 07:03:23,-22.83,15.02,Fahrenheit,Weather Station
SP-1146,226,2022-04-14 01:43:09,16.27,84.95,Celsius,Weather Station
SP-8999,227,2022-11-19 19:29:11,-12.15,82.06,Fahrenheit,Mobile App
SP-4741,228,2022-12-07 02:54:07,-25.37,46.54,Celsius,Weather Station
SP-0137,229,2022-09-14 09:37:12,26.09,54.96,Fahrenheit,IoT Device
SP-0058,230,2022-07-26 21:49:43,30.49,72.42,Fahrenheit,Mobile App
SP-5847,231,2022-10-04 05:35:01,42.23,79.02,Fahrenheit,Mobile App
SP-5433,232,2022-08-29 16:29:33,-27.47,8.57,Fahrenheit,Weather Station
SP-2768,233,2022-11-21 21:25:42,18.37,58.55,Fahrenheit,IoT Device
SP-5800,234,2022-10-26 20:03:07,-38.43,74.2,Celsius,IoT Device
SP-1690,235,2022-12-06 14:55:37,-43.27,39.15,Celsius,IoT Device
SP-7261,236,2022-09-09 13:12:40,17.19,10.88,Fahrenheit,Weather Station
SP-6849,237,2022-01-14 05:26:17,23.36,34.49,Celsius,Mobile App
SP-3823,238,2022-05-07 10:25:45,-10.27,10.41,Celsius,Weather Station
SP-0310,239,2022-01-29 20:03:07,-29.95,17.85,Fahrenheit,IoT Device
SP-1992,240,2022-07-28 20:52:59,24.83,52.38,Celsius,Weather Station
SP-4471,241,2022-09-08 13:44:21,-25.96,92.16,Fahrenheit,IoT Device
SP-9539,242,2022-08-10 09:10:52,-39.63,78.4,Celsius,Weather Station
SP-6152,243,2022-05-07 10:20:37,30.73,13.27,Fahrenheit,Mobile App
SP-3977,244,2022-03-11 15:10:27,-43.71,47.25,Celsius,Weather Station
SP-8469,245,2022-06-19 19:39:08,-35.97,11.9,Celsius,Mobile App
SP-7810,246,2022-05-11 11:41:49,13.39,34.32,Fahrenheit,Mobile App
SP-7715,247,2022-11-23 11:02:43,-48.54,74.56,Fahrenheit,Weather Station
SP-0817,248,2022-06-25 19:09:19,24.23,65.8,Celsius,Weather Station
SP-8856,249,2022-03-01 22:11:21,37.01,5.38,Celsius,Weather Station
SP-9789,250,2022-07-29 05:51:17,-35.49,46.02,Fahrenheit,Weather Station
SP-2383,251,2022-10-06 21:07:22,-36.14,86.67,Fahrenheit,Weather Station
SP-8401,252,2022-05-20 09:05:57,39.56,19.56,Fahrenheit,IoT Device
SP-5120,253,2022-10-28 15:46:43,17.48,71.04,Celsius,Weather Station
SP-1536,254,2022-07-30 17:02:32,37.82,44.29,Fahrenheit,Weather Station
SP-0865,255,2022-01-10 10:52:19,-24.71,9.07,Celsius,Mobile App
SP-5591,256,2022-06-27 22:10:14,-26.59,62.0,Fahrenheit,IoT Device
SP-7209,257,2022-11-17 15:01:23,-33.15,85.33,Fahrenheit,Weather Station
SP-4142,258,2022-12-03 11:23:23,14.59,66.11,Celsius,Weather Station
SP-9460,259,2022-02-21 21:11:02,35.48,23.5,Fahrenheit,IoT Device
SP-1863,260,2022-09-11 04:36:43,27.78,71.16,Fahrenheit,IoT Device
SP-9377,261,2022-05-06 12:46:10,-27.49,95.56,Fahrenheit,Weather Station
SP-2683,262,2022-04-07 03:50:38,28.96,34.17,Fahrenheit,Mobile App
SP-2446,263,2022-08-27 05:07:37,-49.35,88.23,Fahrenheit,Mobile App
SP-8804,264,2022-03-23 04:43:52,32.67,27.0,Fahrenheit,IoT Device
SP-1937,265,2022-12-25 21:56:24,-19.69,56.62,Celsius,IoT Device
SP-8042,266,2022-08-18 11:13:15,-6.84,45.88,Fahrenheit,IoT Device
SP-8212,267,2022-02-20 14:30:00,-15.97,1.29,Fahrenheit,Weather Station
SP-5058,268,2022-08-26 08:36:11,-45.31,48.46,Celsius,Mobile App
SP-6158,269,2022-01-07 03:30:28,40.93,42.49,Celsius,Weather Station
SP-0597,270,2022-01-23 09:24:45,-41.21,33.29,Fahrenheit,Weather Station
SP-4858,271,2022-11-21 20:32:09,34.7,13.99,Fahrenheit,Weather Station
SP-6683,272,2022-08-15 06:19:16,31.29,70.68,Celsius,Mobile App
SP-9260,273,2022-07-21 11:05:46,-47.36,70.89,Fahrenheit,Mobile App
SP-1893,274,2022-06-02 21:40:43,28.55,45.84,Fahrenheit,IoT Device
SP-1470,275,2022-04-18 11:50:33,-25.11,56.33,Celsius,Weather Station
SP-3724,276,2022-02-09 19:53:22,48.46,52.97,Celsius,IoT Device
SP-5991,277,2022-05-17 20:48:50,-3.7,6.29,Fahrenheit,IoT Device
SP-0443,278,2022-06-02 02:09:07,-44.81,39.53,Fahrenheit,Weather Station
SP-4872,279,2022-06-28 03:44:39,44.74,12.7,Fahrenheit,Mobile App
SP-1979,280,2022-08-05 19:05:57,9.6,81.75,Celsius,Mobile App
SP-7552,281,2022-09-24 01:04:55,-26.55,91.85,Celsius,IoT Device
SP-0390,282,2022-02-12 18:32:28,34.49,9.45,Celsius,Mobile App
SP-5571,283,2022-11-03 20:25:10,44.18,6.11,Celsius,Weather Station
SP-8074,284,2022-01-05 01:41:16,-40.25,76.98,Fahrenheit,Mobile App
SP-3602,285,2022-08-22 01:24:09,-9.77,13.89,Celsius,IoT Device
SP-7569,286,2022-07-07 23:43:20,-4.39,13.68,Fahrenheit,IoT Device
SP-3355,287,2022-03-31 07:08:46,1.38,4.79,Fahrenheit,IoT Device
SP-6042,288,2022-04-05 07:12:33,26.83,13.53,Fahrenheit,Mobile App
SP-6032,289,2022-11-22 13:19:22,31.52,68.76,Celsius,Mobile App
SP-9501,290,2022-05-24 08:57:04,-38.02,35.88,Fahrenheit,Weather Station
SP-9561,291,2022-05-12 20:28:13,-3.43,3.24,Celsius,Weather Station
SP-6143,292,2022-04-07 09:59:00,-11.2,92.49,Fahrenheit,Weather Station
SP-7343,293,2022-05-18 21:23:43,-49.81,44.86,Fahrenheit,Weather Station
SP-6948,294,2022-01-21 19:05:20,20.98,14.0,Fahrenheit,Mobile App
SP-7860,295,2022-06-21 21:23:56,34.66,98.52,Celsius,IoT Device
SP-6660,296,2022-05-19 14:22:27,-30.6,83.04,Celsius,IoT Device
SP-8694,297,2022-05-20 12:20:41,38.36,83.45,Celsius,Mobile App
SP-6018,298,2022-02-05 12:10:31,-43.02,21.18,Celsius,Mobile App
SP-0490,299,2022-09-03 15:35:01,-24.83,87.28,Fahrenheit,Mobile App
SP-3530,300,2022-10-14 14:45:38,44.84,42.53,Fahrenheit,IoT Device
SP-3694,301,2022-10-12 02:02:54,-28.79,45.24,Celsius,Mobile App
SP-9679,302,2022-08-21 15:11:01,32.24,90.77,Celsius,IoT Device
SP-3134,303,2022-12-11 00:20:48,-30.31,24.01,Celsius,Mobile App
SP-2312,304,2022-05-21 08:29:32,41.23,96.45,Celsius,IoT Device
SP-5826,305,2022-11-04 11:37:56,-11.89,13.17,Fahrenheit,Mobile App
SP-8434,306,2022-11-09 06:34:30,-27.94,66.7,Celsius,Mobile App
SP-6268,307,2022-10-20 07:09:11,4.83,59.53,Celsius,IoT Device
SP-2221,308,2022-10-05 14:08:08,-34.38,39.96,Fahrenheit,Mobile App
SP-4269,309,2022-02-01 04:04:53,45.76,63.35,Fahrenheit,Weather Station
SP-1274,310,2022-09-24 03:12:31,-0.6,53.15,Fahrenheit,Mobile App
SP-6529,311,2022-04-08 23:22:26,32.85,82.83,Celsius,Mobile App
SP-2104,312,2022-05-05 04:03:55,15.31,56.79,Celsius,IoT Device
SP-1331,313,2022-01-28 08:40:40,-37.01,81.97,Celsius,Mobile App
SP-4705,314,2022-10-06 08:48:05,-6.17,99.83,Celsius,Mobile App
SP-1903,315,2022-01-19 08:16:49,-3.76,14.33,Celsius,Mobile App
SP-5128,316,2022-12-04 17:50:41,-0.85,90.22,Fahrenheit,Mobile App
SP-4501,317,2022-03-17 06:29:58,-32.87,38.18,Fahrenheit,Weather Station
SP-9234,318,2022-06-13 21:47:51,-11.91,87.65,Celsius,Mobile App
SP-1587,319,2022-05-28 15:43:32,23.01,18.97,Celsius,Weather Station
SP-5341,320,2022-01-22 05:50:38,16.55,33.38,Celsius,Mobile App
SP-5436,321,2022-08-22 06:10:13,-17.45,48.43,Celsius,IoT Device
SP-4659,322,2022-12-17 13:09:49,35.89,61.91,Fahrenheit,Mobile App
SP-7518,323,2022-10-25 07:29:30,-46.12,3.9,Fahrenheit,Mobile App
SP-6619,324,2022-06-13 19:25:46,40.84,74.61,Fahrenheit,IoT Device
SP-6288,325,2022-11-02 13:23:24,29.86,69.73,Fahrenheit,IoT Device
SP-0872,326,2022-10-16 17:28:42,-8.48,83.39,Fahrenheit,Mobile App
SP-4998,327,2022-08-17 06:42:48,4.26,74.18,Celsius,Weather Station
SP-2051,328,2022-02-15 14:48:13,46.24,56.75,Fahrenheit,IoT Device
SP-6075,329,2022-07-21 18:32:35,-33.78,0.0,Celsius,Mobile App
SP-4699,330,2022-01-28 09:00:44,-41.64,8.71,Celsius,IoT Device
SP-6538,331,2022-10-13 22:20:23,-32.51,45.01,Fahrenheit,Mobile App
SP-1555,332,2022-07-05 22:59:45,-7.12,0.25,Fahrenheit,Weather Station
SP-4000,333,2022-01-17 22:21:11,41.31,60.36,Celsius,Mobile App
SP-4495,334,2022-06-22 15:41:36,-18.57,8.45,Fahrenheit,Weather Station
SP-7166,335,2022-08-19 13:35:57,31.52,29.79,Celsius,IoT Device
SP-1269,336,2022-06-09 10:01:06,-38.63,96.77,Celsius,IoT Device
SP-8808,337,2022-11-13 21:16:02,10.9,50.91,Celsius,IoT Device
SP-2176,338,2022-10-11 08:13:43,23.02,35.2,Celsius,Mobile App
SP-0657,339,2022-01-31 17:13:44,46.24,24.54,Fahrenheit,Weather Station
SP-6326,340,2022-12-07 22:54:22,5.2,26.09,Celsius,Weather Station
SP-8895,341,2022-08-31 01:30:16,19.39,29.45,Fahrenheit,Weather Station
SP-6076,342,2022-03-14 19:41:18,-13.81,26.28,Fahrenheit,Mobile App
SP-3721,343,2022-12-06 06:21:16,-49.04,69.66,Celsius,Mobile App
SP-6936,344,2022-08-08 11:33:22,-22.34,15.91,Fahrenheit,Weather Station
SP-1553,345,2022-02-14 07:39:41,-18.57,85.52,Fahrenheit,IoT Device
SP-8968,346,2022-07-05 05:29:41,0.47,17.3,Fahrenheit,Mobile App
SP-5669,347,2022-08-09 01:32:51,-2.56,96.65,Celsius,Weather Station
SP-3616,348,2022-12-15 18:45:54,-27.54,87.0,Fahrenheit,Weather Station
SP-1671,349,2022-09-14 14:41:15,8.92,11.1,Celsius,Mobile App
SP-0269,350,2022-11-10 21:28:06,26.95,3.08,Fahrenheit,Weather Station
SP-0418,351,2022-01-13 14:58:02,10.0,37.45,Celsius,IoT Device
SP-1739,352,2022-06-10 10:50:27,29.25,18.82,Celsius,Weather Station
SP-7315,353,2022-02-25 10:35:24,-6.44,11.53,Celsius,IoT Device
SP-9869,354,2022-08-24 06:49:31,-22.98,86.44,Fahrenheit,Mobile App
SP-6036,355,2022-07-29 19:14:19,-39.79,88.27,Fahrenheit,Mobile App
SP-2194,356,2022-07-31 09:36:41,-18.35,64.31,Fahrenheit,Weather Station
SP-3436,357,2022-09-17 14:09:58,5.58,6.65,Fahrenheit,Mobile App
SP-4492,358,2022-03-17 12:10:45,-31.67,22.37,Fahrenheit,Mobile App
SP-0656,359,2022-07-03 15:48:23,5.34,21.63,Fahrenheit,Mobile App
SP-6519,360,2022-09-19 21:24:48,4.23,71.57,Celsius,IoT Device
SP-2116,361,2022-09-03 22:13:42,9.69,9.23,Fahrenheit,Mobile App
SP-7338,362,2022-05-28 17:22:02,38.09,29.23,Fahrenheit,IoT Device
SP-3564,363,2022-12-19 05:05:32,-23.71,84.47,Fahrenheit,IoT Device
SP-1978,364,2022-10-13 05:15:23,-42.39,91.97,Celsius,Weather Station
SP-7345,365,2022-05-07 13:50:06,48.04,3.54,Celsius,Mobile App
SP-3637,366,2022-06-01 23:53:49,-24.72,79.29,Celsius,Mobile App
SP-6982,367,2022-04-06 05:08:29,15.74,42.67,Celsius,IoT Device
SP-0450,368,2022-11-07 01:52:26,21.92,48.16,Celsius,IoT Device
SP-8426,369,2022-09-04 08:40:14,-6.19,70.04,Fahrenheit,Mobile App
SP-7638,370,2022-05-19 18:18:46,-40.85,87.69,Fahrenheit,Mobile App
SP-8125,371,2022-11-02 00:49:10,1.83,66.48,Fahrenheit,Weather Station
SP-8511,372,2022-07-28 06:15:49,46.24,81.4,Fahrenheit,Weather Station
SP-5064,373,2022-09-10 02:29:29,19.04,75.76,Celsius,Mobile App
SP-2803,374,2022-07-24 12:22:31,-48.61,84.39,Celsius,IoT Device
SP-5060,375,2022-10-12 11:30:39,-23.54,48.36,Celsius,IoT Device
SP-2373,376,2022-08-28 14:58:10,-31.2,72.64,Celsius,Mobile App
SP-3338,377,2022-05-16 19:27:58,-17.93,97.89,Fahrenheit,Mobile App
SP-4676,378,2022-09-19 00:34:50,46.46,81.17,Fahrenheit,Mobile App
SP-5639,379,2022-09-09 04:50:37,20.15,10.54,Celsius,Mobile App
SP-8137,380,2022-10-14 08:29:08,-36.67,85.81,Fahrenheit,Weather Station
SP-7153,381,2022-12-26 15:36:29,15.85,38.29,Fahrenheit,Mobile App
SP-0241,382,2022-03-29 05:35:52,19.07,58.9,Fahrenheit,Weather Station
SP-0987,383,2022-07-16 18:37:12,24.26,49.9,Celsius,Weather Station
SP-2990,384,2022-03-10 05:24:23,49.58,65.63,Celsius,Weather Station
SP-6602,385,2022-05-20 21:46:46,-35.09,73.41,Fahrenheit,Weather Station
SP-7718,386,2022-02-19 22:00:46,23.99,40.63,Celsius,Mobile App
SP-2165,387,2022-06-30 03:42:19,-2.77,4.16,Celsius,IoT Device
SP-4064,388,2022-07-27 07:46:02,27.44,4.0,Celsius,Mobile App
SP-0560,389,2022-08-28 01:40:26,-2.12,11.42,Fahrenheit,Weather Station
SP-3939,390,2022-05-26 12:39:45,9.02,41.01,Fahrenheit,Mobile App
SP-4467,391,2022-04-23 18:55:32,-28.69,42.33,Celsius,IoT Device
SP-4786,392,2022-11-14 13:08:02,18.11,26.32,Celsius,IoT Device
SP-1686,393,2022-01-04 23:29:09,32.82,80.29,Celsius,IoT Device
SP-2685,394,2022-11-12 17:06:08,3.06,37.73,Celsius,Weather Station
SP-5862,395,2022-03-27 06:40:02,-41.03,57.23,Celsius,Weather Station
SP-0462,396,2022-10-21 19:14:35,9.86,4.35,Celsius,Weather Station
SP-4675,397,2022-06-05 05:14:49,46.9,55.16,Celsius,Mobile App
SP-6069,398,2022-03-07 17:09:53,-1.12,30.53,Celsius,Weather Station
SP-9756,399,2022-04-25 16:21:28,25.94,43.01,Celsius,Mobile App
SP-6398,400,2022-02-22 16:52:45,10.55,80.26,Celsius,Mobile App
SP-9243,401,2022-12-26 10:53:12,-16.51,68.23,Fahrenheit,Weather Station
SP-6142,402,2022-11-23 08:28:13,-26.97,64.11,Fahrenheit,IoT Device
SP-3733,403,2022-10-11 03:32:40,36.88,5.26,Fahrenheit,Weather Station
SP-1182,404,2022-09-06 20:44:24,-9.1,17.98,Fahrenheit,IoT Device
SP-4468,405,2022-01-29 14:04:55,-36.81,80.18,Fahrenheit,Mobile App
SP-7495,406,2022-12-16 06:45:09,-23.74,7.19,Fahrenheit,IoT Device
SP-0825,407,2022-05-11 22:06:20,-0.96,99.54,Celsius,Mobile App
SP-4606,408,2022-09-09 10:52:09,-9.43,70.87,Celsius,IoT Device
SP-5714,409,2022-04-13 17:40:34,12.71,57.17,Celsius,IoT Device
SP-1402,410,2022-04-27 16:18:24,-6.72,85.22,Celsius,IoT Device
SP-8922,411,2022-08-25 01:13:29,-35.05,39.63,Fahrenheit,Mobile App
SP-2632,412,2022-10-14 00:40:30,-5.46,62.86,Celsius,Mobile App
SP-9708,413,2022-01-08 16:50:15,-20.41,40.31,Fahrenheit,Mobile App
SP-9533,414,2022-07-20 11:02:58,32.64,93.72,Celsius,Mobile App
SP-3562,415,2022-01-16 16:41:37,22.82,62.43,Fahrenheit,Weather Station
SP-1150,416,2022-10-07 04:57:41,-7.16,92.21,Fahrenheit,IoT Device
SP-6267,417,2022-07-02 05:50:51,-7.96,92.23,Celsius,Weather Station
SP-9642,418,2022-09-12 02:28:21,43.76,39.15,Celsius,Mobile App
SP-8060,419,2022-04-30 09:35:59,31.78,40.67,Celsius,Mobile App
SP-0393,420,2022-01-16 20:44:46,-15.68,3.01,Fahrenheit,IoT Device
SP-3832,421,2022-08-25 17:01:20,-47.65,50.33,Celsius,Mobile App
SP-5412,422,2022-02-18 17:58:23,26.77,30.08,Fahrenheit,Mobile App
SP-3256,423,2022-12-02 16:51:41,35.13,12.51,Fahrenheit,Weather Station
SP-1225,424,2022-11-29 23:52:47,-48.03,37.27,Fahrenheit,Mobile App
SP-1858,425,2022-09-11 15:37:32,-31.28,10.21,Celsius,IoT Device
SP-2947,426,2022-05-29 22:22:02,-48.51,2.46,Fahrenheit,Mobile App
SP-3506,427,2022-01-04 01:57:59,1.11,49.41,Celsius,Mobile App
SP-2508,428,2022-03-03 07:05:28,27.75,87.75,Celsius,Weather Station
SP-2221,429,2022-06-22 10:00:52,-49.21,78.79,Celsius,IoT Device
SP-7940,430,2022-08-08 17:12:46,-23.08,79.0,Fahrenheit,IoT Device
SP-6463,431,2022-09-20 16:32:13,19.15,33.14,Celsius,IoT Device
SP-7716,432,2022-04-03 13:20:23,-46.16,88.43,Celsius,IoT Device
SP-7910,433,2022-10-24 13:39:51,44.14,48.51,Fahrenheit,IoT Device
SP-0651,434,2022-05-30 12:17:39,-19.58,70.35,Celsius,Weather Station
SP-0628,435,2022-03-17 01:06:03,13.73,42.6,Celsius,Mobile App
SP-4772,436,2022-04-06 11:00:40,13.11,89.48,Fahrenheit,Weather Station
SP-0899,437,2022-07-29 15:10:23,-14.64,22.72,Fahrenheit,Mobile App
SP-6737,438,2022-07-17 05:32:29,2.04,72.26,Celsius,IoT Device
SP-2900,439,2022-09-27 01:41:09,-13.85,61.47,Fahrenheit,Weather Station
SP-0412,440,2022-12-10 05:11:05,17.75,53.65,Celsius,Mobile App
SP-2782,441,2022-07-20 19:06:17,33.82,22.11,Celsius,IoT Device
SP-2573,442,2022-06-18 05:47:43,-22.09,92.34,Fahrenheit,Weather Station
SP-2145,443,2022-10-19 05:29:22,-6.4,7.59,Celsius,IoT Device
SP-5298,444,2022-03-12 23:16:26,-26.65,6.92,Fahrenheit,Weather Station
SP-6587,445,2022-03-09 22:43:29,-25.96,27.92,Celsius,Weather Station
SP-3650,446,2022-06-25 11:17:38,-38.77,10.17,Fahrenheit,IoT Device
SP-2448,447,2022-12-21 19:31:45,18.7,62.96,Fahrenheit,Weather Station
SP-0702,448,2022-09-05 12:10:49,49.26,72.0,Celsius,Mobile App
SP-0225,449,2022-02-17 02:21:16,21.75,70.9,Celsius,IoT Device
SP-9138,450,2022-08-30 06:32:55,-8.19,73.65,Fahrenheit,Mobile App
SP-3664,451,2022-03-15 22:42:09,-10.2,60.77,Celsius,Weather Station
SP-6744,452,2022-04-08 16:30:46,35.74,92.27,Fahrenheit,Weather Station
SP-8055,453,2022-10-08 21:05:47,6.47,65.4,Fahrenheit,Mobile App
SP-0053,454,2022-02-21 22:31:54,-3.11,19.32,Celsius,Mobile App
SP-5603,455,2022-04-02 10:20:19,-20.02,7.93,Celsius,Mobile App
SP-6465,456,2022-12-07 22:46:16,-2.17,59.27,Celsius,IoT Device
SP-6786,457,2022-12-20 20:08:06,24.17,68.04,Fahrenheit,Mobile App
SP-0392,458,2022-06-15 05:07:16,48.96,6.8,Fahrenheit,Mobile App
SP-1771,459,2022-08-16 21:17:26,-16.97,87.51,Fahrenheit,IoT Device
SP-0302,460,2022-05-18 12:47:48,-6.75,74.64,Celsius,Mobile App
SP-2453,461,2022-01-08 01:37:38,14.11,71.46,Fahrenheit,IoT Device
SP-3805,462,2022-06-28 16:18:37,-42.21,80.35,Fahrenheit,IoT Device
SP-3200,463,2022-06-20 01:47:45,0.43,12.64,Fahrenheit,Weather Station
SP-7346,464,2022-02-23 00:45:38,23.98,59.01,Celsius,IoT Device
SP-2480,465,2022-01-12 18:07:35,-45.48,80.09,Fahrenheit,Weather Station
SP-2063,466,2022-04-10 10:04:38,-27.92,94.5,Fahrenheit,Weather Station
SP-8813,467,2022-03-08 23:04:12,-15.91,4.35,Fahrenheit,IoT Device
SP-0414,468,2022-02-10 05:32:30,-34.84,35.38,Celsius,Weather Station
SP-8318,469,2022-04-15 17:59:23,7.9,6.1,Celsius,Mobile App
SP-7666,470,2022-07-20 16:47:53,27.35,12.39,Celsius,Mobile App
SP-6864,471,2022-07-16 11:44:22,-8.63,2.78,Fahrenheit,Mobile App
SP-1124,472,2022-06-07 12:21:24,13.85,57.35,Fahrenheit,Weather Station
SP-0887,473,2022-07-24 08:59:03,43.72,38.74,Celsius,IoT Device
SP-8667,474,2022-06-10 19:23:22,-39.57,20.87,Celsius,IoT Device
SP-3527,475,2022-05-16 13:24:17,23.25,12.33,Fahrenheit,Mobile App
SP-3243,476,2022-12-02 13:20:02,29.61,69.31,Fahrenheit,Weather Station
SP-9451,477,2022-06-12 09:12:40,11.39,45.96,Celsius,IoT Device
SP-3739,478,2022-05-26 05:11:58,-27.78,87.21,Celsius,IoT Device
SP-7578,479,2022-02-18 18:41:31,-40.36,73.86,Fahrenheit,Weather Station
SP-8716,480,2022-09-05 11:53:37,18.22,68.33,Celsius,Mobile App
SP-8751,481,2022-07-29 21:25:06,-18.44,82.37,Fahrenheit,Weather Station
SP-7160,482,2022-08-19 04:24:18,-16.55,65.53,Fahrenheit,IoT Device
SP-3934,483,2022-05-13 15:04:34,8.49,45.4,Celsius,IoT Device
SP-2736,484,2022-07-02 06:21:27,34.01,82.01,Celsius,Mobile App
SP-6312,485,2022-02-28 02:37:22,16.52,79.95,Fahrenheit,Mobile App
SP-1686,486,2022-05-20 13:22:30,32.81,31.27,Celsius,IoT Device
SP-5049,487,2022-08-01 17:06:50,-36.15,79.57,Celsius,IoT Device
SP-2200,488,2022-12-13 09:52:59,22.09,49.92,Fahrenheit,Weather Station
SP-2280,489,2022-09-23 22:25:52,-36.8,99.71,Fahrenheit,Mobile App
SP-6439,490,2022-06-09 17:13:49,8.03,3.46,Fahrenheit,IoT Device
SP-9563,491,2022-09-01 21:31:33,48.32,61.6,Fahrenheit,Mobile App
SP-3123,492,2022-08-06 00:22:38,40.56,50.9,Fahrenheit,Weather Station
SP-9204,493,2022-10-23 11:27:14,-19.07,42.82,Celsius,IoT Device
SP-7325,494,2022-12-17 19:54:05,5.74,4.22,Celsius,IoT Device
SP-0201,495,2022-03-26 04:36:25,29.82,31.73,Fahrenheit,Weather Station
SP-1260,496,2022-05-29 08:42:22,36.59,57.75,Celsius,Weather Station
SP-7123,497,2022-10-25 01:44:10,-17.21,1.67,Fahrenheit,Mobile App
SP-1914,498,2022-01-28 06:31:15,24.34,54.54,Celsius,IoT Device
SP-5114,499,2022-02-28 22:01:01,-39.37,1.71,Fahrenheit,Weather Station
SP-4231,500,2022-12-11 03:28:52,21.7,97.34,Celsius,Weather Station
SP-7603,501,2022-09-29 20:42:32,-26.09,7.95,Fahrenheit,IoT Device
SP-2216,502,2022-07-29 02:23:02,45.79,28.66,Celsius,Weather Station
SP-6785,503,2022-08-28 12:34:52,-48.82,37.04,Fahrenheit,Weather Station
SP-0747,504,2022-11-21 06:06:13,45.11,49.98,Fahrenheit,IoT Device
SP-8784,505,2022-09-15 11:14:11,11.0,6.64,Fahrenheit,IoT Device
SP-6931,506,2022-04-20 09:52:08,-38.53,6.92,Fahrenheit,Weather Station
SP-0300,507,2022-07-11 09:03:07,-24.2,39.68,Fahrenheit,Mobile App
SP-0186,508,2022-07-30 05:24:18,-19.54,22.42,Fahrenheit,Weather Station
SP-3096,509,2022-07-19 10:44:29,23.55,31.37,Celsius,Weather Station
SP-4205,510,2022-07-20 07:29:31,8.1,19.6,Celsius,Mobile App
SP-9051,511,2022-07-14 13:52:52,-17.86,83.66,Fahrenheit,Weather Station
SP-3987,512,2022-02-11 07:24:54,35.42,68.46,Fahrenheit,Mobile App
SP-2509,513,2022-09-01 13:27:39,36.81,69.27,Celsius,Weather Station
SP-2041,514,2022-02-15 11:12:32,-29.42,44.1,Fahrenheit,Mobile App
SP-2957,515,2022-03-03 04:02:24,8.27,2.5,Fahrenheit,Mobile App
SP-8612,516,2022-09-14 02:49:08,-1.13,58.36,Celsius,IoT Device
SP-0087,517,2022-12-05 00:52:38,13.72,51.82,Celsius,IoT Device
SP-1185,518,2022-06-14 05:31:37,36.46,78.15,Celsius,Weather Station
SP-3089,519,2022-02-10 22:17:22,43.23,43.34,Celsius,Mobile App
SP-8326,520,2022-09-22 15:45:59,36.54,0.1,Fahrenheit,Weather Station
SP-9722,521,2022-12-22 04:50:54,-4.6,60.47,Celsius,Weather Station
SP-0725,522,2022-10-18 14:34:21,-26.23,85.39,Celsius,IoT Device
SP-1536,523,2022-09-14 11:47:19,42.23,3.27,Fahrenheit,Mobile App
SP-4876,524,2022-03-24 17:58:10,-48.88,46.7,Celsius,Weather Station
SP-1817,525,2022-11-08 18:30:23,40.78,77.62,Fahrenheit,Mobile App
SP-1078,526,2022-09-25 17:09:09,46.45,73.62,Fahrenheit,Mobile App
SP-7150,527,2022-01-30 12:47:12,-35.31,11.88,Fahrenheit,IoT Device
SP-7532,528,2022-01-15 13:20:23,36.68,1.47,Celsius,Weather Station
SP-1876,529,2022-12-14 02:15:00,11.27,96.44,Celsius,IoT Device
SP-1560,530,2022-09-10 06:47:38,-46.3,47.82,Celsius,IoT Device
SP-4877,531,2022-04-24 21:42:34,-9.96,28.71,Celsius,Weather Station
SP-1301,532,2022-01-12 22:45:46,15.01,30.09,Celsius,IoT Device
SP-4908,533,2022-09-26 16:07:15,36.83,90.06,Fahrenheit,Weather Station
SP-0705,534,2022-06-19 00:46:45,-35.68,42.56,Celsius,Weather Station
SP-7215,535,2022-01-19 17:29:00,26.53,25.55,Fahrenheit,Weather Station
SP-9126,536,2022-05-23 13:38:05,36.11,31.08,Celsius,IoT Device
SP-5366,537,2022-09-28 21:59:22,32.07,44.26,Fahrenheit,Mobile App
SP-5207,538,2022-12-23 05:36:30,39.38,3.16,Celsius,Weather Station
SP-4150,539,2022-09-29 02:41:46,-26.59,58.48,Fahrenheit,Weather Station
SP-1757,540,2022-11-09 13:43:28,40.07,50.37,Celsius,IoT Device
SP-6798,541,2022-09-28 10:57:07,-30.59,67.78,Celsius,Weather Station
SP-7935,542,2022-06-25 02:58:21,4.97,29.32,Fahrenheit,IoT Device
SP-5787,543,2022-05-06 20:52:18,11.88,30.01,Celsius,IoT Device
SP-6187,544,2022-07-14 12:57:54,2.41,56.28,Celsius,IoT Device
SP-6342,545,2022-05-23 00:49:15,1.1,7.24,Celsius,Mobile App
SP-8122,546,2022-09-13 02:57:50,42.99,86.13,Fahrenheit,Weather Station
SP-0948,547,2022-10-01 17:41:29,-1.16,67.62,Fahrenheit,Weather Station
SP-7083,548,2022-03-27 12:05:38,-22.09,89.36,Fahrenheit,IoT Device
SP-9749,549,2022-02-03 21:29:22,46.58,16.97,Celsius,Weather Station
SP-2642,550,2022-03-22 03:41:10,21.84,16.04,Fahrenheit,IoT Device
SP-4960,551,2022-09-27 08:51:17,48.33,45.09,Fahrenheit,Mobile App
SP-2723,552,2022-03-19 16:03:02,-13.2,77.98,Celsius,IoT Device
SP-4080,553,2022-11-18 17:22:23,-45.86,71.39,Fahrenheit,IoT Device
SP-5545,554,2022-08-27 16:27:44,35.93,95.03,Fahrenheit,Mobile App
SP-9295,555,2022-06-10 13:59:19,19.79,76.49,Fahrenheit,IoT Device
SP-9912,556,2022-11-27 05:20:15,9.75,95.56,Fahrenheit,Mobile App
SP-7245,557,2022-02-14 19:28:47,-12.41,96.4,Celsius,Weather Station
SP-9483,558,2022-03-06 09:14:16,9.69,31.7,Celsius,Weather Station
SP-2002,559,2022-05-17 21:58:13,-42.18,29.37,Celsius,IoT Device
SP-1353,560,2022-06-12 04:10:36,-44.94,9.12,Fahrenheit,Mobile App
SP-8151,561,2022-01-21 20:37:52,26.49,16.52,Fahrenheit,Weather Station
SP-4438,562,2022-11-30 06:01:05,29.84,55.03,Fahrenheit,IoT Device
SP-4191,563,2022-06-24 02:33:20,3.16,33.89,Celsius,Weather Station
SP-9223,564,2022-12-23 06:57:27,6.87,23.84,Fahrenheit,Weather Station
SP-5576,565,2022-03-07 11:24:03,41.57,18.44,Fahrenheit,Mobile App
SP-0418,566,2022-01-08 07:50:27,22.53,93.32,Fahrenheit,Weather Station
SP-4418,567,2022-09-27 11:10:06,28.32,59.6,Fahrenheit,IoT Device
SP-2772,568,2022-06-05 05:49:45,7.59,11.85,Celsius,IoT Device
SP-1262,569,2022-08-30 23:05:55,33.57,37.45,Celsius,Weather Station
SP-9028,570,2022-11-13 09:06:53,40.99,85.33,Celsius,Weather Station
SP-8764,571,2022-02-23 16:57:58,41.64,69.9,Fahrenheit,Weather Station
SP-2554,572,2022-04-09 02:51:36,-31.3,30.73,Celsius,IoT Device
SP-4312,573,2022-05-13 01:51:19,-16.26,44.48,Fahrenheit,Weather Station
SP-8865,574,2022-11-30 22:06:43,-42.85,68.37,Celsius,IoT Device
SP-7292,575,2022-07-02 06:17:31,-1.91,69.32,Fahrenheit,Mobile App
SP-7775,576,2022-03-02 09:55:54,2.83,20.6,Fahrenheit,Mobile App
SP-7415,577,2022-09-13 22:53:34,9.8,53.29,Fahrenheit,Mobile App
SP-9687,578,2022-04-20 15:43:05,-38.34,54.96,Celsius,Weather Station
SP-9101,579,2022-10-12 13:32:27,-33.64,19.69,Celsius,Mobile App
SP-7784,580,2022-04-28 19:19:29,-1.46,81.3,Fahrenheit,Weather Station
SP-3450,581,2022-06-10 01:48:49,35.61,27.91,Fahrenheit,IoT Device
SP-1538,582,2022-08-24 03:46:16,12.33,74.5,Celsius,Weather Station
SP-0304,583,2022-03-06 20:00:10,13.03,83.12,Celsius,Weather Station
SP-9579,584,2022-01-17 21:52:11,11.71,72.23,Fahrenheit,Weather Station
SP-6592,585,2022-07-30 07:11:14,31.04,2.81,Fahrenheit,Weather Station
SP-5115,586,2022-01-22 05:08:17,48.81,58.28,Celsius,IoT Device
SP-6755,587,2022-11-29 13:37:45,9.87,85.33,Fahrenheit,Weather Station
SP-1625,588,2022-09-17 15:04:43,-28.48,58.71,Fahrenheit,Weather Station
SP-8462,589,2022-02-01 11:01:33,17.9,64.47,Celsius,Weather Station
SP-6069,590,2022-02-28 10:33:20,-12.01,66.25,Fahrenheit,IoT Device
SP-8237,591,2022-11-17 08:12:04,11.94,83.76,Fahrenheit,Mobile App
SP-8329,592,2022-11-14 01:24:53,19.98,42.14,Celsius,IoT Device
SP-5869,593,2022-05-09 08:11:42,48.38,31.51,Celsius,Weather Station
SP-1786,594,2022-03-26 07:53:18,-16.95,56.95,Celsius,Mobile App
SP-0303,595,2022-12-14 15:34:11,13.46,73.14,Celsius,IoT Device
SP-1468,596,2022-08-26 07:01:07,-10.72,31.1,Fahrenheit,IoT Device
SP-0486,597,2022-12-30 00:23:48,-36.3,60.45,Celsius,Weather Station
SP-0296,598,2022-01-17 20:08:01,-11.57,10.86,Celsius,Mobile App
SP-5578,599,2022-04-18 03:08:12,31.21,50.27,Celsius,IoT Device
SP-5958,600,2022-08-08 16:39:08,-6.35,12.96,Celsius,IoT Device
SP-3996,601,2022-01-11 10:04:32,-35.33,88.96,Fahrenheit,IoT Device
SP-6217,602,2022-10-15 16:25:45,7.06,25.81,Celsius,Mobile App
SP-1977,603,2022-02-08 16:53:41,-11.48,56.17,Fahrenheit,Mobile App
SP-6272,604,2022-06-24 09:17:44,46.35,99.82,Fahrenheit,Mobile App
SP-5154,605,2022-03-03 13:47:58,44.17,40.07,Celsius,IoT Device
SP-6305,606,2022-01-21 18:30:58,-47.55,64.79,Fahrenheit,IoT Device
SP-5014,607,2022-12-03 18:19:25,28.78,50.11,Celsius,IoT Device
SP-4575,608,2022-06-21 11:35:14,-17.65,66.47,Fahrenheit,IoT Device
SP-8876,609,2022-04-28 22:43:11,-37.42,87.74,Celsius,Mobile App
SP-8616,610,2022-05-08 19:20:13,23.77,16.07,Celsius,Mobile App
SP-9370,611,2022-02-21 23:49:22,27.39,40.79,Fahrenheit,Weather Station
SP-5571,612,2022-10-07 16:04:01,39.34,61.14,Fahrenheit,IoT Device
SP-8088,613,2022-04-18 16:28:11,21.0,83.17,Fahrenheit,Weather Station
SP-4712,614,2022-12-22 15:31:49,-35.11,87.97,Fahrenheit,Weather Station
SP-4255,615,2022-11-23 22:44:11,6.9,82.09,Celsius,IoT Device
SP-7463,616,2022-11-28 21:21:02,-33.19,9.66,Celsius,IoT Device
SP-9550,617,2022-06-14 04:35:43,-48.88,90.28,Celsius,Weather Station
SP-0799,618,2022-12-24 21:22:10,8.88,52.01,Fahrenheit,Mobile App
SP-7444,619,2022-06-09 11:24:51,19.23,42.63,Celsius,Weather Station
SP-2668,620,2022-03-27 04:39:18,-48.11,83.59,Fahrenheit,IoT Device
SP-9030,621,2022-10-12 09:31:01,-36.94,9.76,Celsius,Mobile App
SP-9940,622,2022-10-30 14:17:12,8.01,57.17,Fahrenheit,IoT Device
SP-5094,623,2022-08-22 22:06:08,-30.52,41.73,Celsius,IoT Device
SP-5410,624,2022-07-26 04:14:07,-36.7,64.68,Celsius,IoT Device
SP-9624,625,2022-08-11 14:18:11,16.54,98.71,Fahrenheit,IoT Device
SP-3711,626,2022-10-29 21:52:31,9.53,84.8,Fahrenheit,Mobile App
SP-2644,627,2022-04-12 20:19:38,-3.85,61.81,Celsius,IoT Device
SP-9260,628,2022-03-13 15:59:20,22.4,6.02,Fahrenheit,Mobile App
SP-4307,629,2022-10-10 04:44:15,9.77,83.67,Celsius,IoT Device
SP-8804,630,2022-10-23 10:44:34,37.5,50.85,Fahrenheit,Mobile App
SP-0612,631,2022-01-10 14:27:15,9.7,29.12,Fahrenheit,Mobile App
SP-5930,632,2022-10-28 19:25:50,-21.45,78.38,Celsius,Mobile App
SP-4487,633,2022-09-11 16:09:10,-23.89,96.26,Fahrenheit,Weather Station
SP-1075,634,2022-12-25 02:43:30,-25.85,23.97,Celsius,IoT Device
SP-7339,635,2022-12-13 12:43:55,-19.53,23.99,Celsius,Weather Station
SP-4046,636,2022-02-08 11:51:12,-31.05,36.65,Celsius,Mobile App
SP-2711,637,2022-10-02 01:53:31,-12.41,73.78,Fahrenheit,Weather Station
SP-0970,638,2022-12-13 02:53:56,-41.89,36.53,Celsius,Mobile App
SP-2513,639,2022-06-17 05:02:49,-46.86,18.31,Fahrenheit,IoT Device
SP-9812,640,2022-01-10 10:08:48,-21.55,70.21,Fahrenheit,Weather Station
SP-7451,641,2022-07-29 05:53:16,27.15,80.51,Celsius,Weather Station
SP-1259,642,2022-09-03 02:52:15,42.32,46.71,Celsius,IoT Device
SP-6321,643,2022-03-29 09:43:21,6.68,98.39,Fahrenheit,IoT Device
SP-9181,644,2022-07-03 05:55:02,8.48,8.19,Fahrenheit,Weather Station
SP-5624,645,2022-01-29 14:03:22,-8.78,25.57,Fahrenheit,Mobile App
SP-1453,646,2022-01-12 07:59:53,30.67,72.71,Celsius,Mobile App
SP-7645,647,2022-09-23 22:40:27,35.92,41.43,Fahrenheit,Mobile App
SP-7344,648,2022-03-17 10:12:06,-17.05,65.45,Celsius,IoT Device
SP-6477,649,2022-09-26 20:06:35,-30.44,5.64,Fahrenheit,IoT Device
SP-9545,650,2022-08-13 00:42:48,-0.91,59.29,Celsius,Weather Station
SP-9320,651,2022-06-11 02:07:43,12.81,85.9,Fahrenheit,Mobile App
SP-4066,652,2022-07-07 03:00:22,14.01,98.53,Celsius,Mobile App
SP-5280,653,2022-03-01 17:01:58,12.63,80.06,Fahrenheit,Weather Station
SP-6969,654,2022-10-30 21:51:08,4.57,59.77,Fahrenheit,Weather Station
SP-3508,655,2022-06-25 23:03:26,39.7,2.55,Celsius,IoT Device
SP-6043,656,2022-11-26 19:54:11,5.76,33.78,Fahrenheit,Weather Station
SP-0089,657,2022-10-12 19:15:46,-31.21,52.36,Fahrenheit,Weather Station
SP-6850,658,2022-07-10 14:36:36,-44.23,48.41,Fahrenheit,IoT Device
SP-7552,659,2022-12-06 23:14:04,38.13,5.29,Fahrenheit,Mobile App
SP-1380,660,2022-10-11 13:16:29,35.23,68.48,Celsius,Mobile App
SP-7943,661,2022-04-13 07:52:44,-36.63,10.38,Celsius,Mobile App
SP-3845,662,2022-09-04 19:46:31,11.42,28.0,Fahrenheit,IoT Device
SP-2010,663,2022-12-17 00:45:30,40.02,89.81,Fahrenheit,Weather Station
SP-9246,664,2022-04-13 11:35:16,25.06,71.82,Celsius,IoT Device
SP-1646,665,2022-02-20 07:50:53,-23.5,60.59,Celsius,IoT Device
SP-2885,666,2022-10-17 22:39:01,-22.89,36.17,Celsius,Mobile App
SP-4212,667,2022-09-25 11:57:20,-20.65,51.34,Celsius,Mobile App
SP-9307,668,2022-04-24 10:56:03,1.32,71.94,Fahrenheit,IoT Device
SP-0379,669,2022-06-24 11:06:32,-41.25,35.77,Fahrenheit,Weather Station
SP-4887,670,2022-12-03 07:41:22,9.77,27.44,Celsius,Weather Station
SP-9521,671,2022-04-19 12:48:36,-37.93,33.29,Fahrenheit,Mobile App
SP-6409,672,2022-01-19 09:15:25,-33.61,64.55,Celsius,Weather Station
SP-3249,673,2022-10-03 03:56:55,47.26,65.59,Fahrenheit,IoT Device
SP-8777,674,2022-04-29 00:59:11,29.29,7.82,Celsius,Mobile App
SP-3515,675,2022-01-08 22:24:54,-47.28,22.77,Celsius,Weather Station
SP-6357,676,2022-03-07 02:29:14,-31.71,32.81,Celsius,IoT Device
SP-4517,677,2022-04-04 22:43:51,-6.8,73.4,Fahrenheit,Mobile App
SP-4299,678,2022-08-24 21:16:38,37.8,4.91,Fahrenheit,IoT Device
SP-6895,679,2022-06-15 15:43:36,-8.67,33.54,Fahrenheit,Mobile App
SP-8652,680,2022-11-05 19:42:05,-41.73,59.37,Celsius,Weather Station
SP-6626,681,2022-07-26 09:12:17,9.23,27.39,Celsius,Mobile App
SP-7014,682,2022-10-04 03:44:07,21.19,41.12,Fahrenheit,Mobile App
SP-8713,683,2022-12-24 08:56:53,13.04,91.2,Fahrenheit,IoT Device
SP-1658,684,2022-02-05 15:12:55,-24.06,97.45,Fahrenheit,Weather Station
SP-9012,685,2022-12-01 23:47:05,-21.82,36.6,Fahrenheit,Mobile App
SP-0625,686,2022-02-14 04:52:15,-19.43,35.97,Celsius,IoT Device
SP-2183,687,2022-10-31 15:06:51,-6.1,20.0,Fahrenheit,Mobile App
SP-0933,688,2022-04-09 06:16:02,-26.76,74.61,Fahrenheit,Mobile App
SP-2005,689,2022-03-03 01:19:02,28.81,12.6,Fahrenheit,Mobile App
SP-6183,690,2022-05-11 18:16:19,-47.81,33.25,Fahrenheit,Mobile App
SP-7211,691,2022-08-20 11:48:17,-34.86,79.38,Celsius,Mobile App
SP-7635,692,2022-04-08 19:48:24,-31.86,89.91,Celsius,Weather Station
SP-1638,693,2022-03-06 05:26:00,12.89,85.49,Fahrenheit,IoT Device
SP-1264,694,2022-03-21 18:03:55,11.28,43.58,Celsius,Weather Station
SP-0039,695,2022-10-31 18:38:17,-0.79,1.79,Fahrenheit,Weather Station
SP-6291,696,2022-12-28 10:14:12,-25.0,66.23,Fahrenheit,Weather Station
SP-8406,697,2022-11-28 20:29:30,33.29,9.38,Celsius,IoT Device
SP-1474,698,2022-08-10 10:37:43,-15.64,4.77,Celsius,Weather Station
SP-5983,699,2022-01-16 08:59:17,-24.7,27.9,Fahrenheit,Weather Station
SP-3799,700,2022-03-06 20:25:03,-48.89,98.79,Celsius,IoT Device
SP-7578,701,2022-07-12 03:27:03,14.47,8.89,Celsius,Mobile App
SP-7346,702,2022-09-20 16:23:47,7.77,3.78,Celsius,IoT Device
SP-5211,703,2022-02-13 10:59:40,-0.44,13.45,Celsius,Mobile App
SP-7606,704,2022-08-31 04:16:05,46.94,60.22,Celsius,Weather Station
SP-0972,705,2022-03-03 06:59:22,36.21,68.11,Fahrenheit,Weather Station
SP-9465,706,2022-03-25 05:23:10,8.85,54.01,Fahrenheit,Mobile App
SP-0868,707,2022-11-19 06:34:36,46.97,39.12,Fahrenheit,Mobile App
SP-4033,708,2022-04-25 05:13:46,-5.26,70.81,Celsius,IoT Device
SP-0494,709,2022-10-02 09:56:48,1.23,77.55,Fahrenheit,Weather Station
SP-5284,710,2022-11-30 04:38:49,14.91,96.6,Celsius,IoT Device
SP-5846,711,2022-09-11 07:14:40,-24.99,70.24,Celsius,Weather Station
SP-2309,712,2022-09-06 15:39:21,33.64,24.56,Celsius,Mobile App
SP-9397,713,2022-05-31 20:37:10,5.81,57.72,Celsius,Mobile App
SP-9971,714,2022-02-03 21:53:07,-35.18,13.58,Celsius,IoT Device
SP-4837,715,2022-04-07 12:19:22,-38.51,52.22,Celsius,IoT Device
SP-7241,716,2022-12-18 22:38:30,-36.13,38.96,Celsius,Mobile App
SP-3707,717,2022-08-15 08:31:21,-49.72,23.07,Fahrenheit,Weather Station
SP-0853,718,2022-09-15 19:14:30,-37.65,60.4,Fahrenheit,Mobile App
SP-0291,719,2022-07-06 22:47:26,-6.35,36.75,Celsius,IoT Device
SP-5971,720,2022-02-16 20:04:49,16.33,99.64,Fahrenheit,Weather Station
SP-1988,721,2022-04-06 08:28:56,-24.63,41.05,Fahrenheit,IoT Device
SP-7880,722,2022-02-04 01:35:38,20.74,33.71,Celsius,Weather Station
SP-8859,723,2022-10-14 16:41:49,21.2,60.91,Celsius,Weather Station
SP-5502,724,2022-08-24 12:25:42,18.02,67.65,Fahrenheit,Mobile App
SP-8465,725,2022-05-11 15:14:42,38.46,85.46,Fahrenheit,Mobile App
SP-7784,726,2022-02-27 01:45:55,14.28,80.88,Fahrenheit,Weather Station
SP-9713,727,2022-09-18 18:58:58,-35.41,9.02,Celsius,Mobile App
SP-8503,728,2022-10-23 07:48:20,-29.12,78.2,Fahrenheit,IoT Device
SP-0617,729,2022-05-21 05:02:08,-4.48,44.92,Celsius,Weather Station
SP-4375,730,2022-08-10 09:27:26,30.63,61.78,Fahrenheit,IoT Device
SP-1617,731,2022-02-15 12:44:16,-9.28,24.51,Fahrenheit,Mobile App
SP-1814,732,2022-04-05 23:07:32,39.06,97.0,Fahrenheit,Mobile App
SP-7354,733,2022-06-10 02:16:09,-34.23,78.44,Fahrenheit,Mobile App
SP-3054,734,2022-03-15 21:24:06,1.53,92.92,Fahrenheit,Mobile App
SP-6170,735,2022-08-15 09:52:19,29.89,59.97,Fahrenheit,Weather Station
SP-1410,736,2022-07-15 19:46:49,-49.41,43.09,Fahrenheit,IoT Device
SP-8965,737,2022-12-22 02:57:07,40.17,38.29,Fahrenheit,Mobile App
SP-2843,738,2022-08-13 21:14:13,-40.06,13.02,Celsius,Mobile App
SP-5340,739,2022-06-15 00:07:14,14.97,50.64,Celsius,Weather Station
SP-9741,740,2022-05-20 00:42:49,22.46,22.95,Celsius,Mobile App
SP-2567,741,2022-12-28 01:11:06,33.38,39.15,Celsius,IoT Device
SP-4222,742,2022-05-12 16:30:22,5.85,10.74,Fahrenheit,Mobile App
SP-3254,743,2022-01-30 01:31:11,14.37,49.33,Fahrenheit,Weather Station
SP-6142,744,2022-12-30 13:33:35,-0.58,12.58,Celsius,Weather Station
SP-5166,745,2022-04-03 09:43:40,-25.18,82.02,Celsius,Weather Station
SP-2751,746,2022-12-06 09:00:28,45.02,59.62,Fahrenheit,Weather Station
SP-9934,747,2022-07-23 07:45:30,-34.29,54.16,Fahrenheit,Weather Station
SP-1611,748,2022-12-17 16:47:58,11.1,16.94,Celsius,IoT Device
SP-5611,749,2022-02-13 23:52:09,32.43,91.18,Celsius,IoT Device
SP-7407,750,2022-04-22 00:04:07,10.26,15.73,Celsius,IoT Device
SP-4009,751,2022-03-28 02:48:07,-21.98,60.05,Celsius,Weather Station
SP-3153,752,2022-06-01 19:51:05,-33.33,53.54,Celsius,Mobile App
SP-3124,753,2022-09-11 11:54:11,-5.87,49.08,Fahrenheit,Mobile App
SP-5337,754,2022-06-11 14:09:15,-6.41,25.31,Fahrenheit,Weather Station
SP-0351,755,2022-04-14 20:51:17,-15.61,13.26,Celsius,IoT Device
SP-3873,756,2022-08-07 16:16:33,25.85,64.91,Celsius,Mobile App
SP-1160,757,2022-09-07 13:45:50,34.05,63.02,Celsius,IoT Device
SP-7580,758,2022-08-15 23:16:09,29.34,60.38,Fahrenheit,Mobile App
SP-5843,759,2022-12-05 00:00:22,25.4,72.17,Fahrenheit,Mobile App
SP-3346,760,2022-09-13 21:19:41,13.19,1.33,Fahrenheit,Weather Station
SP-6677,761,2022-12-15 03:27:58,-34.67,56.15,Fahrenheit,Mobile App
SP-4315,762,2022-01-19 09:08:12,8.05,41.04,Fahrenheit,Mobile App
SP-4985,763,2022-04-21 15:44:44,1.48,98.13,Fahrenheit,Mobile App
SP-9005,764,2022-03-07 15:58:21,22.07,53.99,Fahrenheit,IoT Device
SP-1810,765,2022-02-13 20:08:16,9.28,4.78,Fahrenheit,IoT Device
SP-7175,766,2022-11-05 13:07:54,15.37,36.02,Fahrenheit,Weather Station
SP-9229,767,2022-10-31 23:23:13,20.8,74.58,Celsius,Mobile App
SP-8481,768,2022-08-23 11:22:53,-5.37,27.96,Celsius,IoT Device
SP-0817,769,2022-08-18 15:06:46,19.99,0.92,Fahrenheit,Mobile App
SP-4942,770,2022-04-27 23:02:19,-26.72,77.21,Celsius,IoT Device
SP-0475,771,2022-10-10 20:02:12,-33.99,50.0,Celsius,Mobile App
SP-2101,772,2022-05-14 12:30:31,-32.29,77.61,Celsius,IoT Device
SP-7135,773,2022-07-25 17:43:09,-18.87,57.07,Fahrenheit,Weather Station
SP-1884,774,2022-11-24 10:54:09,-29.07,66.58,Celsius,Mobile App
SP-9452,775,2022-07-03 16:06:19,41.07,96.92,Celsius,Weather Station
SP-3172,776,2022-12-15 01:54:22,22.35,71.22,Celsius,Mobile App
SP-9585,777,2022-11-02 17:15:40,-44.58,86.16,Celsius,Mobile App
SP-4963,778,2022-08-28 20:26:26,-25.25,22.34,Celsius,IoT Device
SP-2672,779,2022-08-21 13:27:51,-0.5,87.73,Celsius,IoT Device
SP-7124,780,2022-03-26 11:42:45,-43.19,43.51,Fahrenheit,Weather Station
SP-8845,781,2022-01-04 00:42:01,-43.98,97.14,Fahrenheit,IoT Device
SP-8664,782,2022-03-15 18:05:43,1.87,22.36,Fahrenheit,IoT Device
SP-7653,783,2022-01-23 06:30:45,6.37,68.5,Celsius,IoT Device
SP-9751,784,2022-11-03 20:34:41,24.57,84.02,Celsius,Mobile App
SP-4760,785,2022-09-27 18:25:57,-37.08,63.85,Celsius,IoT Device
SP-6063,786,2022-05-15 00:53:13,39.57,72.45,Celsius,Weather Station
SP-4745,787,2022-07-28 06:15:22,-4.93,8.74,Celsius,Weather Station
SP-4402,788,2022-02-14 23:49:53,-31.16,82.41,Celsius,Mobile App
SP-3146,789,2022-03-22 01:58:38,-41.61,41.12,Celsius,Weather Station
SP-0952,790,2022-01-19 07:23:35,-28.52,99.57,Celsius,Weather Station
SP-2342,791,2022-12-27 16:17:18,-28.64,90.95,Celsius,Weather Station
SP-7774,792,2022-09-30 17:26:29,-41.78,63.87,Celsius,IoT Device
SP-9308,793,2022-08-24 05:17:43,26.39,4.55,Celsius,IoT Device
SP-9082,794,2022-07-17 16:58:53,-44.76,78.88,Celsius,Weather Station
SP-6007,795,2022-03-27 01:06:16,-12.79,46.7,Celsius,IoT Device
SP-6769,796,2022-08-23 22:01:14,9.11,90.78,Fahrenheit,Weather Station
SP-1711,797,2022-06-06 11:02:32,44.19,26.02,Celsius,Weather Station
SP-4750,798,2022-11-11 06:35:21,-35.47,17.3,Fahrenheit,Weather Station
SP-0347,799,2022-03-13 14:29:25,-2.0,90.55,Fahrenheit,Mobile App
SP-8862,800,2022-02-26 14:48:28,28.56,49.82,Celsius,IoT Device
SP-6956,801,2022-04-07 13:35:24,-9.61,0.56,Celsius,Weather Station
SP-8693,802,2022-11-23 00:47:23,-18.93,9.14,Celsius,Mobile App
SP-6369,803,2022-03-06 09:20:30,47.3,23.72,Fahrenheit,IoT Device
SP-8480,804,2022-05-07 06:52:16,-33.1,2.69,Fahrenheit,Weather Station
SP-5193,805,2022-05-25 11:38:02,-4.25,83.76,Fahrenheit,IoT Device
SP-6340,806,2022-01-12 22:33:22,-23.34,86.49,Fahrenheit,Weather Station
SP-6724,807,2022-06-24 14:18:17,26.28,64.64,Fahrenheit,Weather Station
SP-6753,808,2022-07-14 22:23:02,4.75,27.05,Fahrenheit,Mobile App
SP-6958,809,2022-10-27 12:59:20,10.31,62.76,Celsius,Weather Station
SP-8186,810,2022-10-06 12:54:18,39.18,47.79,Celsius,Mobile App
SP-4317,811,2022-06-28 09:24:42,42.04,31.26,Fahrenheit,IoT Device
SP-9075,812,2022-11-29 09:45:31,-25.75,96.03,Fahrenheit,Mobile App
SP-5430,813,2022-08-10 11:29:56,-27.32,20.16,Fahrenheit,Weather Station
SP-5061,814,2022-04-10 13:16:28,-31.4,13.85,Fahrenheit,Weather Station
SP-8783,815,2022-09-29 00:17:12,4.57,1.14,Fahrenheit,Weather Station
SP-3581,816,2022-10-07 14:09:43,-27.72,63.62,Celsius,IoT Device
SP-9914,817,2022-01-05 05:50:07,-42.97,53.12,Celsius,IoT Device
SP-5605,818,2022-10-25 15:28:06,-31.03,95.59,Celsius,Weather Station
SP-1392,819,2022-01-29 05:44:19,13.78,25.23,Fahrenheit,Weather Station
SP-7230,820,2022-03-04 18:58:12,-39.99,66.03,Fahrenheit,Weather Station
SP-3732,821,2022-05-03 07:45:44,-25.26,75.91,Celsius,Weather Station
SP-5368,822,2022-07-14 15:45:28,-10.4,56.44,Celsius,Weather Station
SP-0490,823,2022-01-03 13:52:37,38.51,40.11,Fahrenheit,Mobile App
SP-9321,824,2022-11-29 05:14:25,39.51,93.8,Fahrenheit,Weather Station
SP-5498,825,2022-05-21 19:25:21,-36.4,72.35,Celsius,Mobile App
SP-6596,826,2022-11-08 22:57:21,-42.95,32.6,Celsius,Mobile App
SP-6145,827,2022-10-16 00:00:37,-46.45,82.9,Fahrenheit,IoT Device
SP-5314,828,2022-12-11 13:42:28,24.36,5.44,Celsius,Mobile App
SP-2143,829,2022-12-15 00:53:47,-1.48,26.6,Fahrenheit,Mobile App
SP-8012,830,2022-11-13 04:37:42,-4.23,50.01,Fahrenheit,Mobile App
SP-0541,831,2022-10-29 20:09:23,9.15,0.94,Fahrenheit,Mobile App
SP-4267,832,2022-03-08 19:50:08,-15.6,41.57,Celsius,Mobile App
SP-2169,833,2022-12-07 03:03:45,-31.76,96.54,Fahrenheit,Mobile App
SP-5566,834,2022-12-09 08:44:04,-42.29,29.62,Fahrenheit,IoT Device
SP-8637,835,2022-03-03 18:40:20,34.65,86.31,Celsius,Mobile App
SP-2760,836,2022-04-21 23:56:08,-47.06,32.79,Celsius,Mobile App
SP-1204,837,2022-10-02 11:35:36,3.36,0.48,Celsius,Weather Station
SP-1793,838,2022-06-24 23:38:00,-32.13,68.27,Fahrenheit,Mobile App
SP-4027,839,2022-05-30 21:43:33,-34.4,77.92,Fahrenheit,Weather Station
SP-9996,840,2022-09-06 05:13:44,-34.65,14.3,Celsius,IoT Device
SP-6668,841,2022-03-03 11:37:32,-30.7,15.91,Celsius,Mobile App
SP-9949,842,2022-09-04 10:25:20,6.49,97.66,Celsius,Weather Station
SP-8679,843,2022-03-22 02:40:09,6.98,52.54,Fahrenheit,Mobile App
SP-3081,844,2022-02-01 09:58:39,44.4,68.77,Fahrenheit,IoT Device
SP-5573,845,2022-06-16 22:57:02,-11.13,68.73,Celsius,IoT Device
SP-6547,846,2022-04-04 02:49:10,2.24,89.74,Celsius,Weather Station
SP-3205,847,2022-03-12 06:56:08,-42.89,36.46,Celsius,IoT Device
SP-0011,848,2022-05-09 21:38:00,-30.57,59.7,Celsius,IoT Device
SP-0987,849,2022-01-13 19:01:02,32.21,51.78,Fahrenheit,Weather Station
SP-9634,850,2022-07-08 01:22:35,35.9,59.2,Celsius,Mobile App
SP-9695,851,2022-11-09 10:49:26,-24.06,30.89,Celsius,Mobile App
SP-0281,852,2022-07-27 21:56:06,5.25,15.29,Fahrenheit,IoT Device
SP-6219,853,2022-08-20 07:12:07,31.27,51.58,Celsius,Weather Station
SP-3094,854,2022-03-26 11:03:29,-11.31,66.64,Celsius,IoT Device
SP-8677,855,2022-02-06 10:25:03,-35.1,40.83,Fahrenheit,Weather Station
SP-8929,856,2022-12-12 20:07:13,45.34,20.97,Fahrenheit,Mobile App
SP-3641,857,2022-07-13 11:32:25,24.99,25.22,Fahrenheit,Mobile App
SP-0985,858,2022-06-06 00:04:12,26.18,48.88,Celsius,Weather Station
SP-3722,859,2022-01-09 10:18:27,32.46,91.01,Celsius,Mobile App
SP-0459,860,2022-12-20 00:49:22,-14.45,28.88,Fahrenheit,Weather Station
SP-2542,861,2022-03-04 15:59:33,-27.43,18.16,Celsius,IoT Device
SP-4260,862,2022-08-24 19:39:39,43.96,24.91,Celsius,IoT Device
SP-3090,863,2022-07-02 09:08:48,-10.5,38.14,Celsius,IoT Device
SP-4548,864,2022-08-27 15:49:58,-16.89,43.99,Celsius,Weather Station
SP-5185,865,2022-07-12 23:47:17,20.5,52.04,Celsius,Mobile App
SP-8018,866,2022-10-26 20:22:53,-6.06,16.57,Celsius,IoT Device
SP-8993,867,2022-03-22 15:55:53,-10.73,76.2,Fahrenheit,IoT Device
SP-8845,868,2022-08-11 21:26:23,1.86,72.04,Celsius,IoT Device
SP-3549,869,2022-02-08 22:43:26,14.29,73.55,Celsius,Weather Station
SP-7735,870,2022-06-02 02:42:32,-29.85,38.12,Fahrenheit,IoT Device
SP-3856,871,2022-04-26 15:45:42,-5.37,61.17,Celsius,Mobile App
SP-3468,872,2022-07-24 07:21:27,16.14,1.24,Celsius,IoT Device
SP-1460,873,2022-10-31 12:12:24,-7.32,95.83,Celsius,IoT Device
SP-8831,874,2022-09-17 18:16:46,-13.9,28.82,Fahrenheit,IoT Device
SP-6953,875,2022-11-06 03:50:02,-13.49,17.8,Celsius,Weather Station
SP-8153,876,2022-02-13 10:26:16,40.83,8.18,Celsius,IoT Device
SP-8878,877,2022-07-28 22:12:56,-25.82,68.01,Celsius,IoT Device
SP-8171,878,2022-07-24 17:24:49,-13.88,23.62,Fahrenheit,IoT Device
SP-1078,879,2022-05-09 12:24:50,25.14,83.97,Fahrenheit,IoT Device
SP-2342,880,2022-11-02 05:34:39,46.62,94.68,Celsius,Weather Station
SP-4224,881,2022-04-23 23:24:20,-4.23,8.36,Fahrenheit,IoT Device
SP-9020,882,2022-06-13 14:34:40,47.85,0.03,Fahrenheit,Weather Station
SP-4943,883,2022-05-26 13:20:17,-21.14,33.19,Fahrenheit,Weather Station
SP-8421,884,2022-08-30 13:17:03,-19.86,78.37,Fahrenheit,Weather Station
SP-9126,885,2022-12-07 18:20:16,39.26,4.32,Fahrenheit,IoT Device
SP-3581,886,2022-08-23 14:38:58,-38.43,11.54,Celsius,IoT Device
SP-3398,887,2022-10-03 04:25:55,-5.16,66.44,Celsius,Weather Station
SP-4908,888,2022-04-18 13:17:30,7.25,52.58,Fahrenheit,Mobile App
SP-6568,889,2022-06-24 01:19:31,5.41,61.71,Celsius,Weather Station
SP-9211,890,2022-07-30 16:43:56,-2.03,98.06,Fahrenheit,IoT Device
SP-6028,891,2022-03-28 11:59:48,-14.77,82.06,Celsius,Mobile App
SP-7053,892,2022-01-14 13:15:18,-4.2,23.38,Celsius,Mobile App
SP-3399,893,2022-07-03 01:58:54,-4.67,91.81,Fahrenheit,Mobile App
SP-1138,894,2022-07-08 07:12:05,16.67,68.0,Celsius,Weather Station
SP-0291,895,2022-05-21 20:27:14,-48.95,27.5,Celsius,IoT Device
SP-6807,896,2022-06-29 22:19:25,15.57,42.42,Celsius,Weather Station
SP-3401,897,2022-01-23 20:24:25,5.13,25.47,Fahrenheit,Weather Station
SP-2579,898,2022-02-06 11:37:34,1.09,63.6,Fahrenheit,Mobile App
SP-8059,899,2022-06-05 05:01:22,-8.47,89.82,Celsius,Mobile App
SP-1416,900,2022-02-20 03:31:06,9.45,99.97,Fahrenheit,IoT Device
SP-6385,901,2022-08-09 15:00:34,-4.6,52.02,Fahrenheit,Weather Station
SP-6435,902,2022-05-08 13:33:20,40.56,21.3,Fahrenheit,IoT Device
SP-2488,903,2022-07-19 05:53:25,28.35,56.03,Celsius,IoT Device
SP-4234,904,2022-09-22 15:16:09,-9.48,21.13,Celsius,IoT Device
SP-4710,905,2022-05-30 22:56:08,-7.48,64.78,Fahrenheit,Mobile App
SP-1126,906,2022-01-30 14:13:39,-44.3,86.79,Fahrenheit,Mobile App
SP-4568,907,2022-03-12 03:17:04,-9.53,44.22,Celsius,Weather Station
SP-1345,908,2022-07-31 11:30:04,-12.37,22.92,Fahrenheit,Weather Station
SP-5269,909,2022-02-12 01:00:20,6.86,51.97,Fahrenheit,Weather Station
SP-8400,910,2022-04-17 09:15:35,38.91,94.62,Fahrenheit,IoT Device
SP-7385,911,2022-07-14 09:58:40,45.85,62.39,Celsius,Weather Station
SP-6678,912,2022-10-07 07:59:34,-11.42,37.77,Celsius,Weather Station
SP-5710,913,2022-10-07 02:55:03,-25.8,26.86,Celsius,Mobile App
SP-5099,914,2022-10-26 00:41:49,28.37,36.15,Celsius,Mobile App
SP-7608,915,2022-04-10 07:26:44,-33.68,99.02,Fahrenheit,Weather Station
SP-8695,916,2022-04-20 14:45:22,-7.01,17.1,Celsius,Mobile App
SP-3169,917,2022-04-22 10:49:25,-5.42,54.26,Celsius,Mobile App
SP-4410,918,2022-01-30 14:38:46,20.92,52.75,Celsius,Weather Station
SP-1851,919,2022-08-16 03:18:15,-6.4,0.45,Celsius,IoT Device
SP-3897,920,2022-08-31 01:28:57,-40.8,22.2,Celsius,Mobile App
SP-0216,921,2022-11-26 06:40:27,-28.17,41.31,Celsius,Weather Station
SP-2446,922,2022-02-04 10:53:27,40.23,80.04,Celsius,IoT Device
SP-8580,923,2022-12-19 00:03:57,10.38,93.52,Celsius,IoT Device
SP-0488,924,2022-06-07 07:01:34,-9.26,15.6,Fahrenheit,IoT Device
SP-3130,925,2022-03-06 19:27:27,-10.21,13.4,Celsius,IoT Device
SP-9859,926,2022-08-19 02:51:23,11.89,46.32,Fahrenheit,IoT Device
SP-6482,927,2022-02-13 16:07:44,-22.77,37.1,Celsius,IoT Device
SP-7951,928,2022-11-18 15:26:25,3.6,73.87,Celsius,IoT Device
SP-5575,929,2022-06-03 06:11:02,2.75,72.18,Celsius,Mobile App
SP-7681,930,2022-12-12 07:27:16,-28.64,36.5,Fahrenheit,Mobile App
SP-7042,931,2022-09-24 13:05:46,-4.64,85.34,Celsius,IoT Device
SP-3567,932,2022-05-05 11:25:16,-18.39,22.24,Fahrenheit,Mobile App
SP-5537,933,2022-07-23 18:11:06,41.29,15.78,Celsius,Mobile App
SP-4470,934,2022-10-25 19:24:59,-8.64,58.68,Celsius,Weather Station
SP-3708,935,2022-04-19 05:19:02,7.59,23.9,Fahrenheit,IoT Device
SP-8246,936,2022-06-21 06:06:39,-19.16,2.79,Fahrenheit,IoT Device
SP-0042,937,2022-10-20 08:35:15,-43.7,59.05,Fahrenheit,Weather Station
SP-5407,938,2022-08-14 22:47:05,39.3,59.12,Fahrenheit,Weather Station
SP-2084,939,2022-10-07 11:22:49,4.05,53.07,Celsius,Weather Station
SP-6233,940,2022-09-07 04:43:28,-4.85,3.22,Fahrenheit,IoT Device
SP-6214,941,2022-03-25 01:52:10,-30.11,58.91,Fahrenheit,Weather Station
SP-2394,942,2022-08-23 11:36:00,-14.5,39.86,Fahrenheit,IoT Device
SP-2738,943,2022-07-14 13:47:41,-1.3,36.6,Celsius,Weather Station
SP-8132,944,2022-07-06 13:54:29,18.71,51.36,Celsius,Mobile App
SP-7332,945,2022-07-05 07:21:54,-9.93,64.57,Fahrenheit,Mobile App
SP-6016,946,2022-06-30 07:05:34,-1.76,99.53,Celsius,Weather Station
SP-2712,947,2022-01-01 21:02:24,-30.06,1.61,Fahrenheit,IoT Device
SP-4182,948,2022-05-01 20:10:51,-30.36,76.98,Fahrenheit,Mobile App
SP-5775,949,2022-12-28 22:06:39,-38.71,3.33,Fahrenheit,Mobile App
SP-5870,950,2022-01-31 01:59:28,20.22,91.65,Celsius,Weather Station
SP-3384,951,2022-09-19 15:10:27,-29.79,60.57,Celsius,IoT Device
SP-5129,952,2022-07-19 16:33:53,-15.3,76.79,Celsius,Weather Station
SP-4483,953,2022-05-27 07:57:46,12.6,53.38,Celsius,Mobile App
SP-7741,954,2022-03-19 10:46:02,1.37,68.56,Fahrenheit,Weather Station
SP-3289,955,2022-09-23 04:55:28,21.42,3.57,Fahrenheit,Mobile App
SP-1310,956,2022-07-12 12:18:40,-16.97,90.18,Celsius,Weather Station
SP-6110,957,2022-09-29 15:13:27,19.04,67.89,Celsius,Weather Station
SP-8482,958,2022-08-07 03:33:15,30.99,32.93,Celsius,Mobile App
SP-6102,959,2022-08-31 00:22:45,15.25,57.02,Celsius,Weather Station
SP-8055,960,2022-12-10 23:00:00,-13.51,2.25,Fahrenheit,Weather Station
SP-0649,961,2022-12-26 17:55:27,-35.85,7.6,Celsius,Mobile App
SP-2746,962,2022-06-14 16:12:22,-40.31,22.12,Fahrenheit,Weather Station
SP-2489,963,2022-09-23 05:20:45,9.55,65.92,Celsius,Mobile App
SP-5507,964,2022-12-23 00:38:46,18.44,70.29,Celsius,IoT Device
SP-2237,965,2022-05-22 09:27:27,-14.77,48.59,Fahrenheit,IoT Device
SP-3919,966,2022-03-20 13:15:08,-49.62,93.56,Celsius,Mobile App
SP-9837,967,2022-08-09 01:55:36,-4.28,33.27,Celsius,Weather Station
SP-6655,968,2022-07-06 10:58:05,-3.03,2.84,Fahrenheit,Weather Station
SP-5684,969,2022-09-03 11:35:47,11.83,38.35,Celsius,Mobile App
SP-9640,970,2022-10-19 10:16:48,27.23,46.03,Celsius,IoT Device
SP-2992,971,2022-10-17 10:31:03,-5.38,15.13,Fahrenheit,Weather Station
SP-8039,972,2022-12-25 19:17:57,-22.54,71.12,Celsius,IoT Device
SP-3787,973,2022-04-16 13:38:00,-3.83,33.52,Fahrenheit,Mobile App
SP-7555,974,2022-11-08 16:39:51,-19.41,34.49,Celsius,IoT Device
SP-8400,975,2022-05-05 00:25:37,-39.74,13.04,Fahrenheit,Weather Station
SP-6982,976,2022-07-10 10:08:02,26.7,7.85,Celsius,Mobile App
SP-1882,977,2022-07-05 00:04:20,-7.15,72.21,Fahrenheit,Mobile App
SP-8080,978,2022-06-08 23:09:36,-18.47,63.43,Fahrenheit,IoT Device
SP-3926,979,2022-02-23 05:58:47,35.72,88.93,Fahrenheit,IoT Device
SP-2945,980,2022-03-09 12:30:38,12.21,54.05,Celsius,Mobile App
SP-9322,981,2022-06-25 13:24:02,-18.42,34.35,Fahrenheit,Weather Station
SP-1193,982,2022-12-27 00:48:39,24.29,2.68,Fahrenheit,IoT Device
SP-6570,983,2022-04-04 06:45:09,-15.22,23.81,Fahrenheit,Weather Station
SP-7648,984,2022-04-19 02:28:57,41.22,14.28,Celsius,Mobile App
SP-8361,985,2022-06-07 01:29:21,-34.85,10.73,Celsius,IoT Device
SP-8108,986,2022-08-05 11:22:26,-21.41,21.47,Fahrenheit,Mobile App
SP-4572,987,2022-06-04 21:23:19,-23.59,13.28,Celsius,Mobile App
SP-9833,988,2022-11-04 03:04:09,20.13,96.46,Celsius,Mobile App
SP-9515,989,2022-10-08 18:52:01,9.55,7.5,Fahrenheit,Weather Station
SP-5298,990,2022-09-18 01:35:31,43.97,7.25,Fahrenheit,IoT Device
SP-9605,991,2022-04-30 10:12:53,-1.39,24.29,Celsius,Mobile App
SP-0356,992,2022-12-18 17:23:25,12.05,43.79,Celsius,Mobile App
SP-6442,993,2022-04-28 06:10:12,17.9,62.28,Celsius,IoT Device
SP-6667,994,2022-04-24 10:22:18,-2.69,76.65,Celsius,IoT Device
SP-0861,995,2022-07-28 01:14:33,49.02,20.36,Fahrenheit,Mobile App
SP-9097,996,2022-08-28 01:40:25,45.51,98.54,Celsius,Weather Station
SP-3954,997,2022-06-16 11:52:52,-11.65,44.68,Fahrenheit,Weather Station
SP-0055,998,2022-10-24 07:07:14,-35.5,4.2,Celsius,IoT Device
SP-4544,999,2022-11-18 06:54:52,-7.0,97.86,Fahrenheit,IoT Device
SP-0527,1000,2022-11-30 20:34:29,17.25,37.26,Fahrenheit,Weather Station
